{
  "train": {
    "mse": 3026.9996462541767,
    "rmse": 55.01817559910703,
    "mae": 44.3431595237973,
    "r2": 0.5766995668735391,
    "mape": 43.162781027507805
  },
  "test": {
    "mse": 8730.174911383852,
    "rmse": 93.43540502070857,
    "mae": 78.33292605980309,
    "r2": 0.2350793268572866,
    "mape": 29.378691041077072,
    "directional_accuracy": 77.09923664122137
  },
  "data_info": {
    "train_samples": 7864,
    "test_samples": 1966,
    "features": [
      "Close",
      "High",
      "Low",
      "Open",
      "RSI",
      "SMA50",
      "SMA200",
      "MACD_12_26_9",
      "Daily_Return_%"
    ],
    "lookback": 60
  }
}