{
  "loss": [
    3.33927321434021,
    2.3093059062957764,
    1.6474140882492065,
    1.2103829383850098,
    0.9096769094467163,
    0.6917464733123779,
    0.5276056528091431,
    0.401126891374588,
    0.30224061012268066,
    0.22456713020801544,
    0.16381749510765076,
    0.11709144711494446,
    0.08154390007257462,
    0.05512049049139023,
    0.03639708086848259,
    0.02347937598824501,
    0.01483690645545721,
    0.009430673904716969,
    0.006129488814622164,
    0.0041803582571446896,
    0.003097538836300373,
    0.0024407049641013145,
    0.0020482621621340513,
    0.0017295945435762405,
    0.0015240712091326714,
    0.0014060856774449348,
    0.0012990030227229,
    0.0012593608116731048,
    0.0012200409546494484,
    0.0010977997444570065,
    0.0011383234523236752,
    0.001060439390130341,
    0.0009810010669752955,
    0.0010113038588315248,
    0.0008982763392850757,
    0.000927652174141258,
    0.000927821674849838,
    0.0008216900750994682,
    0.0008385197725147009,
    0.0008158747805282474,
    0.0007504166569560766,
    0.0007116326596587896,
    0.0007083292584866285,
    0.0006735369679518044,
    0.0006662954692728817,
    0.000643247680272907,
    0.0006685825646854937,
    0.0006530732498504221,
    0.0006420944700948894,
    0.0006493282271549106,
    0.0006672133458778262,
    0.0006071795942261815,
    0.0006014550453983247,
    0.000567337847314775,
    0.0005512151983566582,
    0.0005921224947087467,
    0.0005595025140792131,
    0.0005564059829339385,
    0.0005495310761034489,
    0.000549327174667269,
    0.0005575222312472761,
    0.0005668691592290998,
    0.0005487289163284004,
    0.0005617478163912892,
    0.0005594986723735929,
    0.000533297483343631,
    0.0005433160695247352,
    0.0005224464111961424,
    0.0005092020146548748,
    0.0005233006668277085,
    0.0004912824369966984,
    0.0005082982243038714,
    0.0005135729443281889,
    0.0005206550122238696,
    0.0005147156189195812
  ],
  "val_loss": [
    2.6746225357055664,
    1.9097034931182861,
    1.388687252998352,
    1.0356389284133911,
    0.7820277214050293,
    0.5980413556098938,
    0.45433497428894043,
    0.34340396523475647,
    0.25612202286720276,
    0.18828849494457245,
    0.1353689581155777,
    0.09461106359958649,
    0.06432049721479416,
    0.04357665032148361,
    0.027581606060266495,
    0.017226021736860275,
    0.011112225241959095,
    0.007059979718178511,
    0.00414227694272995,
    0.003562960308045149,
    0.0022604321129620075,
    0.0014784776140004396,
    0.0013883477076888084,
    0.0009465704206377268,
    0.0008197078132070601,
    0.0008339040796272457,
    0.0006741045508533716,
    0.0006804348668083549,
    0.0005710948607884347,
    0.0007216259837150574,
    0.0004889105912297964,
    0.0005166447954252362,
    0.00042662222404032946,
    0.0005992981023155153,
    0.0007509519346058369,
    0.0004288580093998462,
    0.0003820836136583239,
    0.00043719762470573187,
    0.00038864690577611327,
    0.0007682712748646736,
    0.000387462176149711,
    0.0003315459471195936,
    0.0005628486396744847,
    0.0004170349857304245,
    0.0003850788634736091,
    0.00032415008172392845,
    0.00032079426455311477,
    0.00033685797825455666,
    0.0003337361558806151,
    0.00031991206924431026,
    0.00046575628221035004,
    0.0003535563300829381,
    0.00033006537705659866,
    0.0003249960718676448,
    0.0003162304637953639,
    0.00025490912958048284,
    0.00027448663604445755,
    0.00036884399014525115,
    0.00026328067178837955,
    0.00021890892821829766,
    0.00025563110830262303,
    0.0003208070411346853,
    0.0002848678268492222,
    0.00021499797003343701,
    0.00023728581436444074,
    0.0002364191459491849,
    0.00027528416831046343,
    0.0003341188421472907,
    0.0002596958656795323,
    0.00021165373618714511,
    0.0001860853808466345,
    0.00024037354160100222,
    0.00025186684797517955,
    0.00018848292529582977,
    0.0002604954643175006
  ],
  "mae": [
    0.32259657979011536,
    0.17753997445106506,
    0.12444134801626205,
    0.10206537693738937,
    0.09137741476297379,
    0.08274924755096436,
    0.07506357133388519,
    0.0688721165060997,
    0.06306557357311249,
    0.057330187410116196,
    0.05134141445159912,
    0.046628836542367935,
    0.041844502091407776,
    0.0373523011803627,
    0.03411932289600372,
    0.03138384222984314,
    0.02855890989303589,
    0.026689277961850166,
    0.025071565061807632,
    0.023560117930173874,
    0.022656546905636787,
    0.02195035293698311,
    0.02125135064125061,
    0.020065898075699806,
    0.019421057775616646,
    0.01888933777809143,
    0.01852543093264103,
    0.018625706434249878,
    0.018737217411398888,
    0.017591573297977448,
    0.018345613032579422,
    0.017805801704525948,
    0.017157064750790596,
    0.01779407449066639,
    0.01626741513609886,
    0.016650816425681114,
    0.016844341531395912,
    0.01567055657505989,
    0.01623537577688694,
    0.015780700370669365,
    0.015031480230391026,
    0.0145160723477602,
    0.014401462860405445,
    0.014091325923800468,
    0.014127956703305244,
    0.013802873902022839,
    0.014182663522660732,
    0.014051896519958973,
    0.01397023443132639,
    0.013976596295833588,
    0.014346958138048649,
    0.013484464958310127,
    0.01360471360385418,
    0.013004523701965809,
    0.012897858396172523,
    0.013182359747588634,
    0.013055769726634026,
    0.012853141874074936,
    0.01283237338066101,
    0.012870697304606438,
    0.01292359083890915,
    0.012941968627274036,
    0.012901920825242996,
    0.01294031273573637,
    0.012989581562578678,
    0.012698670849204063,
    0.012683738954365253,
    0.012390985153615475,
    0.01240161620080471,
    0.012412376701831818,
    0.012120499275624752,
    0.012275134213268757,
    0.012314923107624054,
    0.01232902705669403,
    0.012280650436878204
  ],
  "val_mae": [
    0.07580015063285828,
    0.09314719587564468,
    0.08520561456680298,
    0.08209828287363052,
    0.06727279722690582,
    0.07237880676984787,
    0.06073857098817825,
    0.054218076169490814,
    0.04640540853142738,
    0.0409698449075222,
    0.03571049124002457,
    0.026195915415883064,
    0.018471863120794296,
    0.033384282141923904,
    0.019947759807109833,
    0.021510440856218338,
    0.02357090264558792,
    0.024200132116675377,
    0.01450827531516552,
    0.028969839215278625,
    0.018469883129000664,
    0.013540341518819332,
    0.017752718180418015,
    0.010738258250057697,
    0.010374020785093307,
    0.014354536309838295,
    0.010739795863628387,
    0.013169607147574425,
    0.010264893062412739,
    0.01570458710193634,
    0.008540187031030655,
    0.010723915882408619,
    0.008046437054872513,
    0.014641009271144867,
    0.014733672142028809,
    0.011795707046985626,
    0.009363667108118534,
    0.011125578545033932,
    0.010399623773992062,
    0.0175852682441473,
    0.011362836696207523,
    0.010000599548220634,
    0.016833985224366188,
    0.012177438475191593,
    0.012218615971505642,
    0.010450558736920357,
    0.010300135239958763,
    0.010000190697610378,
    0.010928717441856861,
    0.010589529760181904,
    0.015541721135377884,
    0.012153971008956432,
    0.01028466410934925,
    0.011339601129293442,
    0.011043678969144821,
    0.008623030968010426,
    0.009066871367394924,
    0.01215693261474371,
    0.008668297901749611,
    0.005943980533629656,
    0.007540429942309856,
    0.011467674747109413,
    0.010144771076738834,
    0.0060662031173706055,
    0.008285729214549065,
    0.007009411696344614,
    0.01045529916882515,
    0.01008075661957264,
    0.007768131792545319,
    0.0070600323379039764,
    0.005184829700738192,
    0.008874362334609032,
    0.008853811770677567,
    0.005534337367862463,
    0.009922596625983715
  ]
}